{"cameraMode":{"drawMode":0,"name":"Shaded","section":"Shading Mode"},"sceneLighting":true,"audioPlay":false,"sceneViewState":{"m_AlwaysRefresh":false,"showFog":true,"showSkybox":true,"showFlares":true,"showImageEffects":true,"showParticleSystems":true,"showVisualEffectGraphs":true,"m_FxEnabled":true},"in2DMode":false,"pivot":{"x":4.483814239501953,"y":-7.999192237854004,"z":2.5274887084960939},"rotation":{"x":0.2654969394207001,"y":-0.11278856545686722,"z":0.031267497688531879,"w":0.9570347666740418},"size":9.859108924865723,"orthographic":false}