{"cameraMode":{"drawMode":0,"name":"Shaded","section":"Shading Mode"},"sceneLighting":true,"audioPlay":false,"sceneViewState":{"m_AlwaysRefresh":false,"showFog":true,"showSkybox":true,"showFlares":true,"showImageEffects":true,"showParticleSystems":true,"showVisualEffectGraphs":true,"m_FxEnabled":true},"in2DMode":false,"pivot":{"x":-7.811731338500977,"y":3.006432056427002,"z":-11.17477035522461},"rotation":{"x":0.011385916732251645,"y":0.9096877574920654,"z":0.025134747847914697,"w":-0.41466501355171206},"size":5.7289886474609379,"orthographic":false}