{"cameraMode":{"drawMode":0,"name":"Shaded","section":"Shading Mode"},"sceneLighting":true,"audioPlay":false,"sceneViewState":{"m_AlwaysRefresh":false,"showFog":true,"showSkybox":true,"showFlares":true,"showImageEffects":true,"showParticleSystems":true,"showVisualEffectGraphs":true,"m_FxEnabled":true},"in2DMode":false,"pivot":{"x":-182.91177368164063,"y":-398.3093566894531,"z":361.99652099609377},"rotation":{"x":-0.36652255058288576,"y":0.19561021029949189,"z":-0.07909233123064041,"w":-0.9062706232070923},"size":298.0570983886719,"orthographic":false}