{"cameraMode":{"drawMode":0,"name":"Shaded","section":"Shading Mode"},"sceneLighting":true,"audioPlay":false,"sceneViewState":{"m_AlwaysRefresh":false,"showFog":true,"showSkybox":true,"showFlares":true,"showImageEffects":true,"showParticleSystems":true,"showVisualEffectGraphs":true,"m_FxEnabled":true},"in2DMode":false,"pivot":{"x":20.438125610351564,"y":6.968285083770752,"z":-2.311920404434204},"rotation":{"x":0.14977659285068513,"y":-0.6951903700828552,"z":0.15167362987995149,"w":0.686497151851654},"size":0.17309437692165376,"orthographic":false}